{"epoch": 10, "train_loss": 4.197325846236544, "train_acc": 0.01539678675754625, "val_loss": 4.23133486996365, "val_acc": 0.014713035019455253, "learning_rate": 0.0, "_timestamp": 1721235206.8260877, "_runtime": 1239.9585227966309, "_step": 9, "_wandb": {"runtime": 1242}}