{"epoch": 10, "train_loss": 4.172791125827779, "train_acc": 0.01693342259006816, "val_loss": 4.164311301383527, "val_acc": 0.014044260700389105, "learning_rate": 0.0, "_timestamp": 1721256299.5205386, "_runtime": 1230.227207660675, "_step": 9, "_wandb": {"runtime": 1232}}