{"epoch": 6, "train_loss": 7.1387261736126, "train_acc": 0.015822784810126583, "val_loss": 6.754964757986106, "val_acc": 0.017550259403372244, "learning_rate": 3.454915028125263e-05, "_timestamp": 1721253069.0778146, "_runtime": 736.202187538147, "_step": 5, "_wandb": {"runtime": 830}}