{"epoch": 10, "train_loss": 4.193693038899571, "train_acc": 0.016476996105160662, "val_loss": 4.182464725776406, "val_acc": 0.016800421530479896, "learning_rate": 0.0, "_timestamp": 1721255028.9878042, "_runtime": 1251.677238225937, "_step": 9, "_wandb": {"runtime": 1254}}